section,capability,metric,value
overall,overall,examples,200
overall,overall,skipped,0
overall,overall,overall_loss,4.2789871383825115
overall,overall,overall_exact_accuracy,0.0
overall,overall,overall_token_accuracy,0.04889958444982767
overall,overall,language_perplexity,42.50997392562349
capability,language,examples,20
capability,language,skipped,0
capability,language,exact_accuracy,0.0
capability,language,token_accuracy,0.16373429521918298
capability,language,cross_entropy,3.7497387290000916
capability,language,perplexity,42.50997392562349
capability,associative_recall,examples,20
capability,associative_recall,skipped,0
capability,associative_recall,exact_accuracy,0.0
capability,associative_recall,token_accuracy,0.0
capability,associative_recall,cross_entropy,4.759897095816476
capability,associative_recall,perplexity,116.73391287291146
capability,fuzzy_recall,examples,20
capability,fuzzy_recall,skipped,0
capability,fuzzy_recall,exact_accuracy,0.0
capability,fuzzy_recall,token_accuracy,0.10902777798473835
capability,fuzzy_recall,cross_entropy,4.008697271347046
capability,fuzzy_recall,perplexity,55.075075929676885
capability,selective_copying,examples,20
capability,selective_copying,skipped,0
capability,selective_copying,exact_accuracy,0.0
capability,selective_copying,token_accuracy,0.2162337712943554
capability,selective_copying,cross_entropy,4.272503601877313
capability,selective_copying,perplexity,71.70092165720723
capability,working_memory,examples,20
capability,working_memory,skipped,0
capability,working_memory,exact_accuracy,0.0
capability,working_memory,token_accuracy,0.0
capability,working_memory,cross_entropy,4.193840873241425
capability,working_memory,perplexity,66.27686374987658
capability,compression,examples,20
capability,compression,skipped,0
capability,compression,exact_accuracy,0.0
capability,compression,token_accuracy,0.0
capability,compression,cross_entropy,4.304716229438782
capability,compression,perplexity,74.04819977196733
capability,arithmetic,examples,20
capability,arithmetic,skipped,0
capability,arithmetic,exact_accuracy,0.0
capability,arithmetic,token_accuracy,0.0
capability,arithmetic,cross_entropy,4.186511278152466
capability,arithmetic,perplexity,65.79285712795733
capability,symbolic,examples,20
capability,symbolic,skipped,0
capability,symbolic,exact_accuracy,0.0
capability,symbolic,token_accuracy,0.0
capability,symbolic,cross_entropy,4.44768795967102
capability,symbolic,perplexity,85.42919973886335
capability,program_execution,examples,20
capability,program_execution,skipped,0
capability,program_execution,exact_accuracy,0.0
capability,program_execution,token_accuracy,0.0
capability,program_execution,cross_entropy,4.291335117816925
capability,program_execution,perplexity,73.06395239352584
capability,stateful_action,examples,20
capability,stateful_action,skipped,0
capability,stateful_action,exact_accuracy,0.0
capability,stateful_action,token_accuracy,0.0
capability,stateful_action,cross_entropy,4.7188920378685
capability,stateful_action,perplexity,112.04404331383343
difficulty-1,language,exact_accuracy,0.0
difficulty-1,language,token_accuracy,0.15695436298847198
difficulty-1,language,cross_entropy,3.7771392822265626
difficulty-1,language,routing_entropy,0.6930693310499192
difficulty-2,language,exact_accuracy,0.0
difficulty-2,language,token_accuracy,0.16629014909267426
difficulty-2,language,cross_entropy,3.731078004837036
difficulty-2,language,routing_entropy,0.6930359642420496
difficulty-3,language,exact_accuracy,0.0
difficulty-3,language,token_accuracy,0.16981578767299652
difficulty-3,language,cross_entropy,3.7506075859069825
difficulty-3,language,routing_entropy,0.6930680478943719
difficulty-4,language,exact_accuracy,0.0
difficulty-4,language,token_accuracy,0.1618768811225891
difficulty-4,language,cross_entropy,3.7401300430297852
difficulty-4,language,routing_entropy,0.6930346532301469
difficulty-1,associative_recall,exact_accuracy,0.0
difficulty-1,associative_recall,token_accuracy,0.0
difficulty-1,associative_recall,cross_entropy,4.893217468261719
difficulty-1,associative_recall,routing_entropy,0.6931038101514181
difficulty-2,associative_recall,exact_accuracy,0.0
difficulty-2,associative_recall,token_accuracy,0.0
difficulty-2,associative_recall,cross_entropy,4.745850276947022
difficulty-2,associative_recall,routing_entropy,0.693048651900338
difficulty-3,associative_recall,exact_accuracy,0.0
difficulty-3,associative_recall,token_accuracy,0.0
difficulty-3,associative_recall,cross_entropy,4.610805153846741
difficulty-3,associative_recall,routing_entropy,0.6929736924718745
difficulty-4,associative_recall,exact_accuracy,0.0
difficulty-4,associative_recall,token_accuracy,0.0
difficulty-4,associative_recall,cross_entropy,
difficulty-4,associative_recall,routing_entropy,0.6929338768536866
difficulty-1,fuzzy_recall,exact_accuracy,0.0
difficulty-1,fuzzy_recall,token_accuracy,0.11944444477558136
difficulty-1,fuzzy_recall,cross_entropy,3.9413008213043215
difficulty-1,fuzzy_recall,routing_entropy,0.6930379327138265
difficulty-2,fuzzy_recall,exact_accuracy,0.0
difficulty-2,fuzzy_recall,token_accuracy,0.11944444477558136
difficulty-2,fuzzy_recall,cross_entropy,4.020866394042969
difficulty-2,fuzzy_recall,routing_entropy,0.6930078233098174
difficulty-3,fuzzy_recall,exact_accuracy,0.0
difficulty-3,fuzzy_recall,token_accuracy,0.125
difficulty-3,fuzzy_recall,cross_entropy,3.939323568344116
difficulty-3,fuzzy_recall,routing_entropy,0.692982068314152
difficulty-4,fuzzy_recall,exact_accuracy,0.0
difficulty-4,fuzzy_recall,token_accuracy,0.07222222238779068
difficulty-4,fuzzy_recall,cross_entropy,4.133298301696778
difficulty-4,fuzzy_recall,routing_entropy,0.6929482127340524
difficulty-1,selective_copying,exact_accuracy,0.0
difficulty-1,selective_copying,token_accuracy,0.20000000298023224
difficulty-1,selective_copying,cross_entropy,4.474658203125
difficulty-1,selective_copying,routing_entropy,0.693063956119202
difficulty-2,selective_copying,exact_accuracy,0.0
difficulty-2,selective_copying,token_accuracy,0.2
difficulty-2,selective_copying,cross_entropy,4.242383003234863
difficulty-2,selective_copying,routing_entropy,0.6930728754353902
difficulty-3,selective_copying,exact_accuracy,0.0
difficulty-3,selective_copying,token_accuracy,0.23636364340782165
difficulty-3,selective_copying,cross_entropy,4.148798179626465
difficulty-3,selective_copying,routing_entropy,0.6930551115242494
difficulty-4,selective_copying,exact_accuracy,0.0
difficulty-4,selective_copying,token_accuracy,0.22857143878936767
difficulty-4,selective_copying,cross_entropy,4.212092876434326
difficulty-4,selective_copying,routing_entropy,0.6930493502479566
difficulty-1,working_memory,exact_accuracy,0.0
difficulty-1,working_memory,token_accuracy,0.0
difficulty-1,working_memory,cross_entropy,4.213728141784668
difficulty-1,working_memory,routing_entropy,0.6930963446696599
difficulty-2,working_memory,exact_accuracy,0.0
difficulty-2,working_memory,token_accuracy,0.0
difficulty-2,working_memory,cross_entropy,4.103029108047485
difficulty-2,working_memory,routing_entropy,0.693118791381518
difficulty-3,working_memory,exact_accuracy,0.0
difficulty-3,working_memory,token_accuracy,0.0
difficulty-3,working_memory,cross_entropy,4.157713317871094
difficulty-3,working_memory,routing_entropy,0.6930942546990183
difficulty-4,working_memory,exact_accuracy,0.0
difficulty-4,working_memory,token_accuracy,0.0
difficulty-4,working_memory,cross_entropy,4.300892925262451
difficulty-4,working_memory,routing_entropy,0.6930828365192309
difficulty-1,compression,exact_accuracy,0.0
difficulty-1,compression,token_accuracy,0.0
difficulty-1,compression,cross_entropy,4.3390624046325685
difficulty-1,compression,routing_entropy,0.6929512904749976
difficulty-2,compression,exact_accuracy,0.0
difficulty-2,compression,token_accuracy,0.0
difficulty-2,compression,cross_entropy,4.253074836730957
difficulty-2,compression,routing_entropy,0.6929344447453817
difficulty-3,compression,exact_accuracy,0.0
difficulty-3,compression,token_accuracy,0.0
difficulty-3,compression,cross_entropy,4.322439479827881
difficulty-3,compression,routing_entropy,0.6929300695373899
difficulty-4,compression,exact_accuracy,0.0
difficulty-4,compression,token_accuracy,0.0
difficulty-4,compression,cross_entropy,4.3042881965637205
difficulty-4,compression,routing_entropy,0.6929173852071101
difficulty-1,arithmetic,exact_accuracy,0.0
difficulty-1,arithmetic,token_accuracy,0.0
difficulty-1,arithmetic,cross_entropy,4.0590075016021725
difficulty-1,arithmetic,routing_entropy,0.6931195139884949
difficulty-2,arithmetic,exact_accuracy,0.0
difficulty-2,arithmetic,token_accuracy,0.0
difficulty-2,arithmetic,cross_entropy,4.178765916824341
difficulty-2,arithmetic,routing_entropy,0.6931242406368255
difficulty-3,arithmetic,exact_accuracy,0.0
difficulty-3,arithmetic,token_accuracy,0.0
difficulty-3,arithmetic,cross_entropy,4.589927768707275
difficulty-3,arithmetic,routing_entropy,0.6931225975354512
difficulty-4,arithmetic,exact_accuracy,0.0
difficulty-4,arithmetic,token_accuracy,0.0
difficulty-4,arithmetic,cross_entropy,3.918343925476074
difficulty-4,arithmetic,routing_entropy,0.6931121418873469
difficulty-1,symbolic,exact_accuracy,0.0
difficulty-1,symbolic,token_accuracy,0.0
difficulty-1,symbolic,cross_entropy,4.3697105884552006
difficulty-1,symbolic,routing_entropy,0.6931284427642822
difficulty-2,symbolic,exact_accuracy,0.0
difficulty-2,symbolic,token_accuracy,0.0
difficulty-2,symbolic,cross_entropy,4.22717170715332
difficulty-2,symbolic,routing_entropy,0.6931467950344086
difficulty-3,symbolic,exact_accuracy,0.0
difficulty-3,symbolic,token_accuracy,0.0
difficulty-3,symbolic,cross_entropy,4.481966543197632
difficulty-3,symbolic,routing_entropy,0.6931284427642822
difficulty-4,symbolic,exact_accuracy,0.0
difficulty-4,symbolic,token_accuracy,0.0
difficulty-4,symbolic,cross_entropy,4.71190299987793
difficulty-4,symbolic,routing_entropy,0.693065002816064
difficulty-1,program_execution,exact_accuracy,0.0
difficulty-1,program_execution,token_accuracy,0.0
difficulty-1,program_execution,cross_entropy,4.166080188751221
difficulty-1,program_execution,routing_entropy,0.6931032657623291
difficulty-2,program_execution,exact_accuracy,0.0
difficulty-2,program_execution,token_accuracy,0.0
difficulty-2,program_execution,cross_entropy,4.217648124694824
difficulty-2,program_execution,routing_entropy,0.6931001484394074
difficulty-3,program_execution,exact_accuracy,0.0
difficulty-3,program_execution,token_accuracy,0.0
difficulty-3,program_execution,cross_entropy,4.4396522521972654
difficulty-3,program_execution,routing_entropy,0.693100094795227
difficulty-4,program_execution,exact_accuracy,0.0
difficulty-4,program_execution,token_accuracy,0.0
difficulty-4,program_execution,cross_entropy,4.34195990562439
difficulty-4,program_execution,routing_entropy,0.6930970340967179
difficulty-1,stateful_action,exact_accuracy,0.0
difficulty-1,stateful_action,token_accuracy,0.0
difficulty-1,stateful_action,cross_entropy,4.552039909362793
difficulty-1,stateful_action,routing_entropy,0.6931214535236359
difficulty-2,stateful_action,exact_accuracy,0.0
difficulty-2,stateful_action,token_accuracy,0.0
difficulty-2,stateful_action,cross_entropy,4.756683826446533
difficulty-2,stateful_action,routing_entropy,0.6931015889985221
difficulty-3,stateful_action,exact_accuracy,0.0
difficulty-3,stateful_action,token_accuracy,0.0
difficulty-3,stateful_action,cross_entropy,5.707639503479004
difficulty-3,stateful_action,routing_entropy,0.6930984067065376
difficulty-4,stateful_action,exact_accuracy,0.0
difficulty-4,stateful_action,token_accuracy,0.0
difficulty-4,stateful_action,cross_entropy,3.859204912185669
difficulty-4,stateful_action,routing_entropy,0.6931127002835273
disable_family,language,delta,0.0
disable_family,language,gpt,0.0
disable_family,language,recurrent,0.0
disable_family,language,ssm,0.0
disable_family,associative_recall,delta,0.0
disable_family,associative_recall,gpt,0.0
disable_family,associative_recall,recurrent,0.0
disable_family,associative_recall,ssm,0.0
disable_family,fuzzy_recall,delta,0.0
disable_family,fuzzy_recall,gpt,0.0
disable_family,fuzzy_recall,recurrent,0.0
disable_family,fuzzy_recall,ssm,0.0
disable_family,selective_copying,delta,0.0
disable_family,selective_copying,gpt,0.0
disable_family,selective_copying,recurrent,0.0
disable_family,selective_copying,ssm,0.0
disable_family,working_memory,delta,0.0
disable_family,working_memory,gpt,0.0
disable_family,working_memory,recurrent,0.0
disable_family,working_memory,ssm,0.0
disable_family,compression,delta,0.0
disable_family,compression,gpt,0.0
disable_family,compression,recurrent,0.0
disable_family,compression,ssm,0.0
disable_family,arithmetic,delta,0.0
disable_family,arithmetic,gpt,0.0
disable_family,arithmetic,recurrent,0.0
disable_family,arithmetic,ssm,0.0
disable_family,symbolic,delta,0.0
disable_family,symbolic,gpt,0.0
disable_family,symbolic,recurrent,0.0
disable_family,symbolic,ssm,0.0
disable_family,program_execution,delta,0.0
disable_family,program_execution,gpt,0.0
disable_family,program_execution,recurrent,0.0
disable_family,program_execution,ssm,0.0
disable_family,stateful_action,delta,0.0
disable_family,stateful_action,gpt,0.0
disable_family,stateful_action,recurrent,0.0
disable_family,stateful_action,ssm,0.0
